case,resolution,metric,before,after,abs_delta,rel_pct,smaller_is_better,improved
box_unfolding,2.0,n_verts_a,28085.0,17173.0,-10912.0,-38.853480505607976,True,True
box_unfolding,2.0,n_quads_a,27612.0,17056.0,-10556.0,-38.22975517890772,True,True
box_unfolding,2.0,free_a,920.0,256.0,-664.0,-72.17391304347827,True,True
box_unfolding,2.0,tj_a,0.0,0.0,0.0,0.0,True,True
box_unfolding,2.0,nm_a,0.0,0.0,0.0,0.0,True,True
box_unfolding,2.0,dup_a,240.0,0.0,-240.0,-100.0,True,True
box_unfolding,2.0,orphan_a,240.0,0.0,-240.0,-100.0,True,True
box_unfolding,2.0,comp_a,1.0,1.0,0.0,0.0,False,True
box_unfolding,2.0,sliv_q_a,7520.0,0.0,-7520.0,-100.0,True,True
box_unfolding,2.0,sliv_t_a,0.0,0.0,0.0,0.0,True,True
box_unfolding,2.0,nonplanar_q_a,16.0,28.0,12.0,75.0,True,False
box_unfolding,2.0,inverted_q_a,0.0,2.0,2.0,inf,True,False
box_unfolding,2.0,aspect_p95_a,571.5,1.017,-570.483,-99.82204724409448,True,True
box_unfolding,2.0,min_angle_p05_a,90.0,90.0,0.0,0.0,False,True
box_unfolding,2.0,planarity_p95_a,0.0,0.0,0.0,0.0,True,True
box_unfolding,2.0,mean_edge_a,1.502,2.013,0.5109999999999999,34.02130492676431,False,True
box_unfolding,2.0,edge_cv_a,0.575,0.069,-0.506,-88.00000000000001,True,True
box_unfolding,4.0,n_verts_a,7321.0,4388.0,-2933.0,-40.06283294631881,True,True
box_unfolding,4.0,n_quads_a,7080.0,4325.0,-2755.0,-38.91242937853107,True,True
box_unfolding,4.0,free_a,480.0,132.0,-348.0,-72.5,True,True
box_unfolding,4.0,tj_a,116.0,0.0,-116.0,-100.0,True,True
box_unfolding,4.0,nm_a,0.0,0.0,0.0,0.0,True,True
box_unfolding,4.0,dup_a,120.0,0.0,-120.0,-100.0,True,True
box_unfolding,4.0,orphan_a,120.0,0.0,-120.0,-100.0,True,True
box_unfolding,4.0,comp_a,1.0,1.0,0.0,0.0,False,True
box_unfolding,4.0,sliv_q_a,0.0,0.0,0.0,0.0,True,True
box_unfolding,4.0,sliv_t_a,0.0,0.0,0.0,0.0,True,True
box_unfolding,4.0,nonplanar_q_a,8.0,16.0,8.0,100.0,True,False
box_unfolding,4.0,inverted_q_a,0.0,0.0,0.0,0.0,True,True
box_unfolding,4.0,aspect_p95_a,1.017,1.255,0.238,23.402163225172075,True,False
box_unfolding,4.0,min_angle_p05_a,90.0,90.0,0.0,0.0,False,True
box_unfolding,4.0,planarity_p95_a,0.0,0.0,0.0,0.0,True,True
box_unfolding,4.0,mean_edge_a,2.961,3.994,1.0330000000000004,34.88686254643703,False,True
box_unfolding,4.0,edge_cv_a,0.339,0.077,-0.262,-77.28613569321534,True,True
box_unfolding,8.0,n_verts_a,1984.0,1220.0,-764.0,-38.50806451612903,True,True
box_unfolding,8.0,n_quads_a,1861.0,1189.0,-672.0,-36.109618484685654,True,True
box_unfolding,8.0,free_a,244.0,68.0,-176.0,-72.1311475409836,True,True
box_unfolding,8.0,tj_a,48.0,0.0,-48.0,-100.0,True,True
box_unfolding,8.0,nm_a,0.0,0.0,0.0,0.0,True,True
box_unfolding,8.0,dup_a,60.0,0.0,-60.0,-100.0,True,True
box_unfolding,8.0,orphan_a,60.0,0.0,-60.0,-100.0,True,True
box_unfolding,8.0,comp_a,1.0,1.0,0.0,0.0,False,True
box_unfolding,8.0,sliv_q_a,352.0,0.0,-352.0,-100.0,True,True
box_unfolding,8.0,sliv_t_a,0.0,0.0,0.0,0.0,True,True
box_unfolding,8.0,nonplanar_q_a,8.0,24.0,16.0,200.0,True,False
box_unfolding,8.0,inverted_q_a,0.0,0.0,0.0,0.0,True,True
box_unfolding,8.0,aspect_p95_a,16.833,3.04,-13.793,-81.94023644032555,True,True
box_unfolding,8.0,min_angle_p05_a,90.0,90.0,0.0,0.0,False,True
box_unfolding,8.0,planarity_p95_a,0.0,0.0,0.0,0.0,True,True
box_unfolding,8.0,mean_edge_a,5.756,7.625,1.8689999999999998,32.470465601111876,False,True
box_unfolding,8.0,edge_cv_a,0.502,0.141,-0.361,-71.91235059760956,True,True
branching_tree,2.0,n_verts_a,44631.0,22252.0,-22379.0,-50.142277788980756,True,True
branching_tree,2.0,n_quads_a,44054.0,21876.0,-22178.0,-50.34276115676216,True,True
branching_tree,2.0,free_a,1624.0,634.0,-990.0,-60.960591133004925,True,True
branching_tree,2.0,tj_a,0.0,72.0,72.0,inf,True,False
branching_tree,2.0,nm_a,0.0,0.0,0.0,0.0,True,True
branching_tree,2.0,dup_a,89.0,0.0,-89.0,-100.0,True,True
branching_tree,2.0,orphan_a,89.0,0.0,-89.0,-100.0,True,True
branching_tree,2.0,comp_a,1.0,1.0,0.0,0.0,False,True
branching_tree,2.0,sliv_q_a,17978.0,0.0,-17978.0,-100.0,True,True
branching_tree,2.0,sliv_t_a,0.0,0.0,0.0,0.0,True,True
branching_tree,2.0,nonplanar_q_a,168.0,22.0,-146.0,-86.9047619047619,True,True
branching_tree,2.0,inverted_q_a,0.0,2.0,2.0,inf,True,False
branching_tree,2.0,aspect_p95_a,1057.259,1.009,-1056.25,-99.90456453905807,True,True
branching_tree,2.0,min_angle_p05_a,90.0,90.0,0.0,0.0,False,True
branching_tree,2.0,planarity_p95_a,0.0,0.0,0.0,0.0,True,True
branching_tree,2.0,mean_edge_a,1.375,1.99,0.615,44.72727272727273,False,True
branching_tree,2.0,edge_cv_a,0.665,0.037,-0.628,-94.4360902255639,True,True
branching_tree,4.0,n_verts_a,11471.0,5785.0,-5686.0,-49.56847702902973,True,True
branching_tree,4.0,n_quads_a,11180.0,5630.0,-5550.0,-49.64221824686941,True,True
branching_tree,4.0,free_a,836.0,313.0,-523.0,-62.55980861244019,True,True
branching_tree,4.0,tj_a,98.0,0.0,-98.0,-100.0,True,True
branching_tree,4.0,nm_a,0.0,0.0,0.0,0.0,True,True
branching_tree,4.0,dup_a,67.0,0.0,-67.0,-100.0,True,True
branching_tree,4.0,orphan_a,67.0,0.0,-67.0,-100.0,True,True
branching_tree,4.0,comp_a,1.0,1.0,0.0,0.0,False,True
branching_tree,4.0,sliv_q_a,1110.0,0.0,-1110.0,-100.0,True,True
branching_tree,4.0,sliv_t_a,0.0,0.0,0.0,0.0,True,True
branching_tree,4.0,nonplanar_q_a,97.0,21.0,-76.0,-78.35051546391753,True,True
branching_tree,4.0,inverted_q_a,0.0,0.0,0.0,0.0,True,True
branching_tree,4.0,aspect_p95_a,8.99,1.021,-7.969,-88.64293659621802,True,True
branching_tree,4.0,min_angle_p05_a,90.0,90.0,0.0,0.0,False,True
branching_tree,4.0,planarity_p95_a,0.0,0.0,0.0,0.0,True,True
branching_tree,4.0,mean_edge_a,2.732,3.931,1.1989999999999998,43.88726207906294,False,True
branching_tree,4.0,edge_cv_a,0.436,0.067,-0.369,-84.63302752293578,True,True
branching_tree,8.0,n_verts_a,3068.0,1561.0,-1507.0,-49.119947848761406,True,True
branching_tree,8.0,n_quads_a,2919.0,1482.0,-1437.0,-49.22918807810894,True,True
branching_tree,8.0,free_a,410.0,157.0,-253.0,-61.707317073170735,True,True
branching_tree,8.0,tj_a,42.0,0.0,-42.0,-100.0,True,True
branching_tree,8.0,nm_a,0.0,0.0,0.0,0.0,True,True
branching_tree,8.0,dup_a,40.0,0.0,-40.0,-100.0,True,True
branching_tree,8.0,orphan_a,40.0,0.0,-40.0,-100.0,True,True
branching_tree,8.0,comp_a,1.0,1.0,0.0,0.0,False,True
branching_tree,8.0,sliv_q_a,850.0,5.0,-845.0,-99.41176470588235,True,True
branching_tree,8.0,sliv_t_a,0.0,0.0,0.0,0.0,True,True
branching_tree,8.0,nonplanar_q_a,58.0,26.0,-32.0,-55.172413793103445,True,True
branching_tree,8.0,inverted_q_a,2.0,3.0,1.0,50.0,True,False
branching_tree,8.0,aspect_p95_a,23.348,3.651,-19.697,-84.36268631146136,True,True
branching_tree,8.0,min_angle_p05_a,90.0,77.97,-12.030000000000001,-13.366666666666667,False,False
branching_tree,8.0,planarity_p95_a,0.0,0.0,0.0,0.0,True,True
branching_tree,8.0,mean_edge_a,5.349,7.667,2.3179999999999996,43.33520284165264,False,True
branching_tree,8.0,edge_cv_a,0.559,0.144,-0.41500000000000004,-74.23971377459749,True,True
cross,2.0,n_verts_a,22404.0,22300.0,-104.0,-0.46420282092483484,True,True
cross,2.0,n_quads_a,22045.0,22045.0,0.0,0.0,True,True
cross,2.0,free_a,520.0,528.0,8.0,1.5384615384615385,True,False
cross,2.0,tj_a,0.0,0.0,0.0,0.0,True,True
cross,2.0,nm_a,0.0,0.0,0.0,0.0,True,True
cross,2.0,dup_a,104.0,0.0,-104.0,-100.0,True,True
cross,2.0,orphan_a,104.0,0.0,-104.0,-100.0,True,True
cross,2.0,comp_a,1.0,1.0,0.0,0.0,False,True
cross,2.0,sliv_q_a,0.0,0.0,0.0,0.0,True,True
cross,2.0,sliv_t_a,0.0,0.0,0.0,0.0,True,True
cross,2.0,nonplanar_q_a,20.0,20.0,0.0,0.0,True,True
cross,2.0,inverted_q_a,4.0,2.0,-2.0,-50.0,True,True
cross,2.0,aspect_p95_a,1.0,1.0,0.0,0.0,True,True
cross,2.0,min_angle_p05_a,90.0,90.0,0.0,0.0,False,True
cross,2.0,planarity_p95_a,0.0,0.0,0.0,0.0,True,True
cross,2.0,mean_edge_a,2.006,2.006,0.0,0.0,False,True
cross,2.0,edge_cv_a,0.04,0.042,0.0020000000000000018,5.000000000000004,True,False
cross,4.0,n_verts_a,10989.0,5733.0,-5256.0,-47.82964782964783,True,True
cross,4.0,n_quads_a,10724.0,5604.0,-5120.0,-47.74337933606863,True,True
cross,4.0,free_a,744.0,268.0,-476.0,-63.97849462365591,True,True
cross,4.0,tj_a,156.0,0.0,-156.0,-100.0,True,True
cross,4.0,nm_a,0.0,0.0,0.0,0.0,True,True
cross,4.0,dup_a,54.0,0.0,-54.0,-100.0,True,True
cross,4.0,orphan_a,54.0,0.0,-54.0,-100.0,True,True
cross,4.0,comp_a,1.0,1.0,0.0,0.0,False,True
cross,4.0,sliv_q_a,0.0,0.0,0.0,0.0,True,True
cross,4.0,sliv_t_a,0.0,0.0,0.0,0.0,True,True
cross,4.0,nonplanar_q_a,12.0,14.0,2.0,16.666666666666668,True,False
cross,4.0,inverted_q_a,0.0,2.0,2.0,inf,True,False
cross,4.0,aspect_p95_a,1.019,1.034,0.015000000000000124,1.4720314033366169,True,False
cross,4.0,min_angle_p05_a,90.0,90.0,0.0,0.0,False,True
cross,4.0,planarity_p95_a,0.0,0.0,0.0,0.0,True,True
cross,4.0,mean_edge_a,2.719,3.978,1.2590000000000003,46.30378815741083,False,True
cross,4.0,edge_cv_a,0.353,0.07,-0.283,-80.1699716713881,True,True
cross,8.0,n_verts_a,2941.0,1507.0,-1434.0,-48.75892553553213,True,True
cross,8.0,n_quads_a,2804.0,1444.0,-1360.0,-48.502139800285306,True,True
cross,8.0,free_a,380.0,136.0,-244.0,-64.21052631578948,True,True
cross,8.0,tj_a,78.0,0.0,-78.0,-100.0,True,True
cross,8.0,nm_a,0.0,0.0,0.0,0.0,True,True
cross,8.0,dup_a,30.0,0.0,-30.0,-100.0,True,True
cross,8.0,orphan_a,30.0,0.0,-30.0,-100.0,True,True
cross,8.0,comp_a,1.0,1.0,0.0,0.0,False,True
cross,8.0,sliv_q_a,0.0,0.0,0.0,0.0,True,True
cross,8.0,sliv_t_a,0.0,0.0,0.0,0.0,True,True
cross,8.0,nonplanar_q_a,14.0,18.0,4.0,28.571428571428573,True,False
cross,8.0,inverted_q_a,2.0,2.0,0.0,0.0,True,True
cross,8.0,aspect_p95_a,2.19,3.95,1.7600000000000002,80.36529680365298,True,False
cross,8.0,min_angle_p05_a,90.0,90.0,0.0,0.0,False,True
cross,8.0,planarity_p95_a,0.0,0.0,0.0,0.0,True,True
cross,8.0,mean_edge_a,5.332,7.847,2.5150000000000006,47.16804201050264,False,True
cross,8.0,edge_cv_a,0.393,0.138,-0.255,-64.8854961832061,True,True
cross_nonrect,2.0,n_verts_a,19144.0,19028.0,-116.0,-0.6059339740910991,True,True
cross_nonrect,2.0,n_quads_a,18789.0,18789.0,0.0,0.0,True,True
cross_nonrect,2.0,free_a,488.0,496.0,8.0,1.639344262295082,True,False
cross_nonrect,2.0,tj_a,0.0,0.0,0.0,0.0,True,True
cross_nonrect,2.0,nm_a,0.0,0.0,0.0,0.0,True,True
cross_nonrect,2.0,dup_a,116.0,0.0,-116.0,-100.0,True,True
cross_nonrect,2.0,orphan_a,116.0,0.0,-116.0,-100.0,True,True
cross_nonrect,2.0,comp_a,1.0,1.0,0.0,0.0,False,True
cross_nonrect,2.0,sliv_q_a,0.0,0.0,0.0,0.0,True,True
cross_nonrect,2.0,sliv_t_a,0.0,0.0,0.0,0.0,True,True
cross_nonrect,2.0,nonplanar_q_a,20.0,20.0,0.0,0.0,True,True
cross_nonrect,2.0,inverted_q_a,4.0,2.0,-2.0,-50.0,True,True
cross_nonrect,2.0,aspect_p95_a,1.0,1.0,0.0,0.0,True,True
cross_nonrect,2.0,min_angle_p05_a,90.0,90.0,0.0,0.0,False,True
cross_nonrect,2.0,planarity_p95_a,0.0,0.0,0.0,0.0,True,True
cross_nonrect,2.0,mean_edge_a,2.007,2.007,0.0,0.0,False,True
cross_nonrect,2.0,edge_cv_a,0.046,0.048,0.0020000000000000018,4.347826086956526,True,False
cross_nonrect,4.0,n_verts_a,8569.0,5044.0,-3525.0,-41.13665538569261,True,True
cross_nonrect,4.0,n_quads_a,8320.0,4921.0,-3399.0,-40.85336538461539,True,True
cross_nonrect,4.0,free_a,644.0,256.0,-388.0,-60.24844720496895,True,True
cross_nonrect,4.0,tj_a,128.0,0.0,-128.0,-100.0,True,True
cross_nonrect,4.0,nm_a,0.0,0.0,0.0,0.0,True,True
cross_nonrect,4.0,dup_a,60.0,0.0,-60.0,-100.0,True,True
cross_nonrect,4.0,orphan_a,60.0,0.0,-60.0,-100.0,True,True
cross_nonrect,4.0,comp_a,1.0,1.0,0.0,0.0,False,True
cross_nonrect,4.0,sliv_q_a,0.0,0.0,0.0,0.0,True,True
cross_nonrect,4.0,sliv_t_a,0.0,0.0,0.0,0.0,True,True
cross_nonrect,4.0,nonplanar_q_a,12.0,14.0,2.0,16.666666666666668,True,False
cross_nonrect,4.0,inverted_q_a,0.0,2.0,2.0,inf,True,False
cross_nonrect,4.0,aspect_p95_a,1.023,1.283,0.26,25.415444770283482,True,False
cross_nonrect,4.0,min_angle_p05_a,90.0,90.0,0.0,0.0,False,True
cross_nonrect,4.0,planarity_p95_a,0.0,0.0,0.0,0.0,True,True
cross_nonrect,4.0,mean_edge_a,2.856,3.923,1.0670000000000002,37.359943977591044,False,True
cross_nonrect,4.0,edge_cv_a,0.346,0.068,-0.27799999999999997,-80.34682080924856,True,True
cross_nonrect,8.0,n_verts_a,2304.0,1374.0,-930.0,-40.364583333333336,True,True
cross_nonrect,8.0,n_quads_a,2177.0,1313.0,-864.0,-39.687643546164445,True,True
cross_nonrect,8.0,free_a,324.0,132.0,-192.0,-59.25925925925926,True,True
cross_nonrect,8.0,tj_a,46.0,0.0,-46.0,-100.0,True,True
cross_nonrect,8.0,nm_a,0.0,0.0,0.0,0.0,True,True
cross_nonrect,8.0,dup_a,32.0,0.0,-32.0,-100.0,True,True
cross_nonrect,8.0,orphan_a,32.0,0.0,-32.0,-100.0,True,True
cross_nonrect,8.0,comp_a,1.0,1.0,0.0,0.0,False,True
cross_nonrect,8.0,sliv_q_a,450.0,0.0,-450.0,-100.0,True,True
cross_nonrect,8.0,sliv_t_a,0.0,0.0,0.0,0.0,True,True
cross_nonrect,8.0,nonplanar_q_a,14.0,18.0,4.0,28.571428571428573,True,False
cross_nonrect,8.0,inverted_q_a,2.0,2.0,0.0,0.0,True,True
cross_nonrect,8.0,aspect_p95_a,18.667,3.824,-14.843000000000002,-79.51465152407992,True,True
cross_nonrect,8.0,min_angle_p05_a,90.0,90.0,0.0,0.0,False,True
cross_nonrect,8.0,planarity_p95_a,0.0,0.0,0.0,0.0,True,True
cross_nonrect,8.0,mean_edge_a,5.585,7.605,2.0200000000000005,36.16830796777082,False,True
cross_nonrect,8.0,edge_cv_a,0.526,0.134,-0.392,-74.52471482889734,True,True
h_shape,2.0,n_verts_a,24080.0,20167.0,-3913.0,-16.25,True,True
h_shape,2.0,n_quads_a,23484.0,19664.0,-3820.0,-16.266394140691535,True,True
h_shape,2.0,free_a,1508.0,1004.0,-504.0,-33.42175066312998,True,True
h_shape,2.0,tj_a,146.0,0.0,-146.0,-100.0,True,True
h_shape,2.0,nm_a,0.0,0.0,0.0,0.0,True,True
h_shape,2.0,dup_a,8.0,0.0,-8.0,-100.0,True,True
h_shape,2.0,orphan_a,8.0,0.0,-8.0,-100.0,True,True
h_shape,2.0,comp_a,1.0,1.0,0.0,0.0,False,True
h_shape,2.0,sliv_q_a,1408.0,0.0,-1408.0,-100.0,True,True
h_shape,2.0,sliv_t_a,0.0,0.0,0.0,0.0,True,True
h_shape,2.0,nonplanar_q_a,16.0,16.0,0.0,0.0,True,True
h_shape,2.0,inverted_q_a,6.0,0.0,-6.0,-100.0,True,True
h_shape,2.0,aspect_p95_a,6.0,1.015,-4.985,-83.08333333333334,True,True
h_shape,2.0,min_angle_p05_a,90.0,90.0,0.0,0.0,False,True
h_shape,2.0,planarity_p95_a,0.0,0.0,0.0,0.0,True,True
h_shape,2.0,mean_edge_a,1.829,1.991,0.16200000000000014,8.857299070530352,False,True
h_shape,2.0,edge_cv_a,0.232,0.015,-0.21700000000000003,-93.5344827586207,True,True
h_shape,4.0,n_verts_a,6225.0,5163.0,-1062.0,-17.06024096385542,True,True
h_shape,4.0,n_quads_a,5924.0,4916.0,-1008.0,-17.01553004726536,True,True
h_shape,4.0,free_a,752.0,494.0,-258.0,-34.308510638297875,True,True
h_shape,4.0,tj_a,0.0,0.0,0.0,0.0,True,True
h_shape,4.0,nm_a,0.0,2.0,2.0,inf,True,False
h_shape,4.0,dup_a,8.0,0.0,-8.0,-100.0,True,True
h_shape,4.0,orphan_a,8.0,0.0,-8.0,-100.0,True,True
h_shape,4.0,comp_a,1.0,1.0,0.0,0.0,False,True
h_shape,4.0,sliv_q_a,924.0,0.0,-924.0,-100.0,True,True
h_shape,4.0,sliv_t_a,0.0,0.0,0.0,0.0,True,True
h_shape,4.0,nonplanar_q_a,12.0,16.0,4.0,33.333333333333336,True,False
h_shape,4.0,inverted_q_a,8.0,2.0,-6.0,-75.0,True,True
h_shape,4.0,aspect_p95_a,264.0,1.015,-262.985,-99.6155303030303,True,True
h_shape,4.0,min_angle_p05_a,90.0,90.0,0.0,0.0,False,True
h_shape,4.0,planarity_p95_a,0.0,0.0,0.0,0.0,True,True
h_shape,4.0,mean_edge_a,3.643,3.986,0.3430000000000004,9.41531704639035,False,True
h_shape,4.0,edge_cv_a,0.291,0.028,-0.26299999999999996,-90.37800687285223,True,True
h_shape,8.0,n_verts_a,1692.0,1444.0,-248.0,-14.657210401891254,True,True
h_shape,8.0,n_quads_a,1540.0,1320.0,-220.0,-14.285714285714286,True,True
h_shape,8.0,free_a,370.0,250.0,-120.0,-32.432432432432435,True,True
h_shape,8.0,tj_a,32.0,0.0,-32.0,-100.0,True,True
h_shape,8.0,nm_a,0.0,0.0,0.0,0.0,True,True
h_shape,8.0,dup_a,8.0,0.0,-8.0,-100.0,True,True
h_shape,8.0,orphan_a,8.0,0.0,-8.0,-100.0,True,True
h_shape,8.0,comp_a,1.0,1.0,0.0,0.0,False,True
h_shape,8.0,sliv_q_a,88.0,0.0,-88.0,-100.0,True,True
h_shape,8.0,sliv_t_a,0.0,0.0,0.0,0.0,True,True
h_shape,8.0,nonplanar_q_a,13.0,16.0,3.0,23.076923076923077,True,False
h_shape,8.0,inverted_q_a,4.0,1.0,-3.0,-75.0,True,True
h_shape,8.0,aspect_p95_a,5.5,1.06,-4.4399999999999995,-80.72727272727272,True,True
h_shape,8.0,min_angle_p05_a,90.0,90.0,0.0,0.0,False,True
h_shape,8.0,planarity_p95_a,0.0,0.0,0.0,0.0,True,True
h_shape,8.0,mean_edge_a,7.169,7.725,0.556,7.755614451108943,False,True
h_shape,8.0,edge_cv_a,0.232,0.073,-0.15900000000000003,-68.5344827586207,True,True
l_shape,2.0,n_verts_a,6254.0,6199.0,-55.0,-0.8794371602174609,True,True
l_shape,2.0,n_quads_a,6084.0,6032.0,-52.0,-0.8547008547008547,True,True
l_shape,2.0,free_a,334.0,332.0,-2.0,-0.5988023952095808,True,True
l_shape,2.0,tj_a,0.0,0.0,0.0,0.0,True,True
l_shape,2.0,nm_a,0.0,0.0,0.0,0.0,True,True
l_shape,2.0,dup_a,2.0,0.0,-2.0,-100.0,True,True
l_shape,2.0,orphan_a,2.0,0.0,-2.0,-100.0,True,True
l_shape,2.0,comp_a,1.0,1.0,0.0,0.0,False,True
l_shape,2.0,sliv_q_a,0.0,0.0,0.0,0.0,True,True
l_shape,2.0,sliv_t_a,0.0,0.0,0.0,0.0,True,True
l_shape,2.0,nonplanar_q_a,8.0,8.0,0.0,0.0,True,True
l_shape,2.0,inverted_q_a,0.0,0.0,0.0,0.0,True,True
l_shape,2.0,aspect_p95_a,1.01,1.018,0.008000000000000007,0.7920792079207928,True,False
l_shape,2.0,min_angle_p05_a,90.0,90.0,0.0,0.0,False,True
l_shape,2.0,planarity_p95_a,0.0,0.0,0.0,0.0,True,True
l_shape,2.0,mean_edge_a,1.987,1.995,0.008000000000000007,0.40261701056869686,False,True
l_shape,2.0,edge_cv_a,0.013,0.014,0.0010000000000000009,7.6923076923077,True,False
l_shape,4.0,n_verts_a,1620.0,1591.0,-29.0,-1.7901234567901234,True,True
l_shape,4.0,n_quads_a,1534.0,1508.0,-26.0,-1.694915254237288,True,True
l_shape,4.0,free_a,166.0,164.0,-2.0,-1.2048192771084338,True,True
l_shape,4.0,tj_a,0.0,0.0,0.0,0.0,True,True
l_shape,4.0,nm_a,0.0,0.0,0.0,0.0,True,True
l_shape,4.0,dup_a,2.0,0.0,-2.0,-100.0,True,True
l_shape,4.0,orphan_a,2.0,0.0,-2.0,-100.0,True,True
l_shape,4.0,comp_a,1.0,1.0,0.0,0.0,False,True
l_shape,4.0,sliv_q_a,0.0,0.0,0.0,0.0,True,True
l_shape,4.0,sliv_t_a,0.0,0.0,0.0,0.0,True,True
l_shape,4.0,nonplanar_q_a,8.0,8.0,0.0,0.0,True,True
l_shape,4.0,inverted_q_a,0.0,0.0,0.0,0.0,True,True
l_shape,4.0,aspect_p95_a,1.016,1.018,0.0020000000000000018,0.19685039370078758,True,False
l_shape,4.0,min_angle_p05_a,90.0,90.0,0.0,0.0,False,True
l_shape,4.0,planarity_p95_a,0.0,0.0,0.0,0.0,True,True
l_shape,4.0,mean_edge_a,3.959,3.993,0.03399999999999981,0.8588027279616016,False,True
l_shape,4.0,edge_cv_a,0.025,0.025,0.0,0.0,True,True
l_shape,8.0,n_verts_a,434.0,418.0,-16.0,-3.686635944700461,True,True
l_shape,8.0,n_quads_a,390.0,377.0,-13.0,-3.3333333333333335,True,True
l_shape,8.0,free_a,82.0,80.0,-2.0,-2.4390243902439024,True,True
l_shape,8.0,tj_a,0.0,0.0,0.0,0.0,True,True
l_shape,8.0,nm_a,0.0,0.0,0.0,0.0,True,True
l_shape,8.0,dup_a,2.0,0.0,-2.0,-100.0,True,True
l_shape,8.0,orphan_a,2.0,0.0,-2.0,-100.0,True,True
l_shape,8.0,comp_a,1.0,1.0,0.0,0.0,False,True
l_shape,8.0,sliv_q_a,0.0,0.0,0.0,0.0,True,True
l_shape,8.0,sliv_t_a,0.0,0.0,0.0,0.0,True,True
l_shape,8.0,nonplanar_q_a,8.0,8.0,0.0,0.0,True,True
l_shape,8.0,inverted_q_a,0.0,0.0,0.0,0.0,True,True
l_shape,8.0,aspect_p95_a,1.025,1.046,0.02100000000000013,2.048780487804891,True,False
l_shape,8.0,min_angle_p05_a,90.0,90.0,0.0,0.0,False,True
l_shape,8.0,planarity_p95_a,0.0,0.0,0.0,0.0,True,True
l_shape,8.0,mean_edge_a,7.868,8.007,0.13899999999999935,1.766649720386367,False,True
l_shape,8.0,edge_cv_a,0.046,0.052,0.005999999999999998,13.043478260869563,True,False
l_shape_nonrect,2.0,n_verts_a,9246.0,9175.0,-71.0,-0.7678996322734155,True,True
l_shape_nonrect,2.0,n_quads_a,9044.0,8976.0,-68.0,-0.7518796992481203,True,True
l_shape_nonrect,2.0,free_a,398.0,396.0,-2.0,-0.5025125628140703,True,True
l_shape_nonrect,2.0,tj_a,0.0,0.0,0.0,0.0,True,True
l_shape_nonrect,2.0,nm_a,0.0,0.0,0.0,0.0,True,True
l_shape_nonrect,2.0,dup_a,2.0,0.0,-2.0,-100.0,True,True
l_shape_nonrect,2.0,orphan_a,2.0,0.0,-2.0,-100.0,True,True
l_shape_nonrect,2.0,comp_a,1.0,1.0,0.0,0.0,False,True
l_shape_nonrect,2.0,sliv_q_a,0.0,0.0,0.0,0.0,True,True
l_shape_nonrect,2.0,sliv_t_a,0.0,0.0,0.0,0.0,True,True
l_shape_nonrect,2.0,nonplanar_q_a,8.0,8.0,0.0,0.0,True,True
l_shape_nonrect,2.0,inverted_q_a,0.0,0.0,0.0,0.0,True,True
l_shape_nonrect,2.0,aspect_p95_a,1.008,1.008,0.0,0.0,True,True
l_shape_nonrect,2.0,min_angle_p05_a,90.0,90.0,0.0,0.0,False,True
l_shape_nonrect,2.0,planarity_p95_a,0.0,0.0,0.0,0.0,True,True
l_shape_nonrect,2.0,mean_edge_a,1.993,2.0,0.006999999999999895,0.3512293025589511,False,True
l_shape_nonrect,2.0,edge_cv_a,0.01,0.011,0.0009999999999999992,9.999999999999993,True,False
l_shape_nonrect,4.0,n_verts_a,2380.0,2343.0,-37.0,-1.5546218487394958,True,True
l_shape_nonrect,4.0,n_quads_a,2278.0,2244.0,-34.0,-1.492537313432836,True,True
l_shape_nonrect,4.0,free_a,198.0,196.0,-2.0,-1.0101010101010102,True,True
l_shape_nonrect,4.0,tj_a,0.0,0.0,0.0,0.0,True,True
l_shape_nonrect,4.0,nm_a,0.0,0.0,0.0,0.0,True,True
l_shape_nonrect,4.0,dup_a,2.0,0.0,-2.0,-100.0,True,True
l_shape_nonrect,4.0,orphan_a,2.0,0.0,-2.0,-100.0,True,True
l_shape_nonrect,4.0,comp_a,1.0,1.0,0.0,0.0,False,True
l_shape_nonrect,4.0,sliv_q_a,0.0,0.0,0.0,0.0,True,True
l_shape_nonrect,4.0,sliv_t_a,0.0,0.0,0.0,0.0,True,True
l_shape_nonrect,4.0,nonplanar_q_a,8.0,8.0,0.0,0.0,True,True
l_shape_nonrect,4.0,inverted_q_a,0.0,0.0,0.0,0.0,True,True
l_shape_nonrect,4.0,aspect_p95_a,1.022,1.008,-0.014000000000000012,-1.3698630136986314,True,True
l_shape_nonrect,4.0,min_angle_p05_a,90.0,90.0,0.0,0.0,False,True
l_shape_nonrect,4.0,planarity_p95_a,0.0,0.0,0.0,0.0,True,True
l_shape_nonrect,4.0,mean_edge_a,3.972,4.002,0.029999999999999805,0.7552870090634392,False,True
l_shape_nonrect,4.0,edge_cv_a,0.021,0.02,-0.0010000000000000009,-4.761904761904765,True,True
l_shape_nonrect,8.0,n_verts_a,630.0,610.0,-20.0,-3.1746031746031744,True,True
l_shape_nonrect,8.0,n_quads_a,578.0,561.0,-17.0,-2.9411764705882355,True,True
l_shape_nonrect,8.0,free_a,98.0,96.0,-2.0,-2.0408163265306123,True,True
l_shape_nonrect,8.0,tj_a,0.0,0.0,0.0,0.0,True,True
l_shape_nonrect,8.0,nm_a,0.0,0.0,0.0,0.0,True,True
l_shape_nonrect,8.0,dup_a,2.0,0.0,-2.0,-100.0,True,True
l_shape_nonrect,8.0,orphan_a,2.0,0.0,-2.0,-100.0,True,True
l_shape_nonrect,8.0,comp_a,1.0,1.0,0.0,0.0,False,True
l_shape_nonrect,8.0,sliv_q_a,0.0,0.0,0.0,0.0,True,True
l_shape_nonrect,8.0,sliv_t_a,0.0,0.0,0.0,0.0,True,True
l_shape_nonrect,8.0,nonplanar_q_a,8.0,8.0,0.0,0.0,True,True
l_shape_nonrect,8.0,inverted_q_a,0.0,0.0,0.0,0.0,True,True
l_shape_nonrect,8.0,aspect_p95_a,1.051,1.008,-0.04299999999999993,-4.091341579448138,True,True
l_shape_nonrect,8.0,min_angle_p05_a,90.0,90.0,0.0,0.0,False,True
l_shape_nonrect,8.0,planarity_p95_a,0.0,0.0,0.0,0.0,True,True
l_shape_nonrect,8.0,mean_edge_a,7.898,8.018,0.120000000000001,1.5193719929096101,False,True
l_shape_nonrect,8.0,edge_cv_a,0.042,0.039,-0.0030000000000000027,-7.142857142857149,True,True
staircase,2.0,n_verts_a,34797.0,14814.0,-19983.0,-57.42736442796793,True,True
staircase,2.0,n_quads_a,34262.0,14566.0,-19696.0,-57.48642811277801,True,True
staircase,2.0,free_a,1306.0,506.0,-800.0,-61.25574272588055,True,True
staircase,2.0,tj_a,0.0,0.0,0.0,0.0,True,True
staircase,2.0,nm_a,0.0,0.0,0.0,0.0,True,True
staircase,2.0,dup_a,57.0,0.0,-57.0,-100.0,True,True
staircase,2.0,orphan_a,56.0,0.0,-56.0,-100.0,True,True
staircase,2.0,comp_a,1.0,1.0,0.0,0.0,False,True
staircase,2.0,sliv_q_a,14364.0,0.0,-14364.0,-100.0,True,True
staircase,2.0,sliv_t_a,0.0,0.0,0.0,0.0,True,True
staircase,2.0,nonplanar_q_a,4.0,19.0,15.0,375.0,True,False
staircase,2.0,inverted_q_a,51.0,2.0,-49.0,-96.07843137254902,True,True
staircase,2.0,aspect_p95_a,862.96,1.019,-861.941,-99.88191804950404,True,True
staircase,2.0,min_angle_p05_a,90.0,90.0,0.0,0.0,False,True
staircase,2.0,planarity_p95_a,0.0,0.0,0.0,0.0,True,True
staircase,2.0,mean_edge_a,1.232,1.997,0.7650000000000001,62.09415584415586,False,True
staircase,2.0,edge_cv_a,0.775,0.039,-0.736,-94.96774193548386,True,True
staircase,4.0,n_verts_a,8983.0,3823.0,-5160.0,-57.44183457642213,True,True
staircase,4.0,n_quads_a,8712.0,3700.0,-5012.0,-57.529843893480255,True,True
staircase,4.0,free_a,654.0,252.0,-402.0,-61.46788990825688,True,True
staircase,4.0,tj_a,116.0,0.0,-116.0,-100.0,True,True
staircase,4.0,nm_a,0.0,0.0,0.0,0.0,True,True
staircase,4.0,dup_a,60.0,0.0,-60.0,-100.0,True,True
staircase,4.0,orphan_a,59.0,0.0,-59.0,-100.0,True,True
staircase,4.0,comp_a,1.0,1.0,0.0,0.0,False,True
staircase,4.0,sliv_q_a,1285.0,0.0,-1285.0,-100.0,True,True
staircase,4.0,sliv_t_a,0.0,0.0,0.0,0.0,True,True
staircase,4.0,nonplanar_q_a,69.0,18.0,-51.0,-73.91304347826087,True,True
staircase,4.0,inverted_q_a,25.0,1.0,-24.0,-96.0,True,True
staircase,4.0,aspect_p95_a,12.768,1.019,-11.749,-92.01911027568923,True,True
staircase,4.0,min_angle_p05_a,90.0,90.0,0.0,0.0,False,True
staircase,4.0,planarity_p95_a,0.0,0.0,0.0,0.0,True,True
staircase,4.0,mean_edge_a,2.454,3.964,1.5099999999999998,61.53219233903829,False,True
staircase,4.0,edge_cv_a,0.529,0.071,-0.458,-86.57844990548205,True,True
staircase,8.0,n_verts_a,2391.0,1016.0,-1375.0,-57.5073191133417,True,True
staircase,8.0,n_quads_a,2252.0,955.0,-1297.0,-57.59325044404974,True,True
staircase,8.0,free_a,300.0,128.0,-172.0,-57.333333333333336,True,True
staircase,8.0,tj_a,29.0,0.0,-29.0,-100.0,True,True
staircase,8.0,nm_a,0.0,0.0,0.0,0.0,True,True
staircase,8.0,dup_a,33.0,0.0,-33.0,-100.0,True,True
staircase,8.0,orphan_a,33.0,0.0,-33.0,-100.0,True,True
staircase,8.0,comp_a,1.0,1.0,0.0,0.0,False,True
staircase,8.0,sliv_q_a,181.0,2.0,-179.0,-98.89502762430939,True,True
staircase,8.0,sliv_t_a,0.0,0.0,0.0,0.0,True,True
staircase,8.0,nonplanar_q_a,43.0,17.0,-26.0,-60.46511627906977,True,True
staircase,8.0,inverted_q_a,0.0,1.0,1.0,inf,True,False
staircase,8.0,aspect_p95_a,6.779,3.962,-2.8169999999999997,-41.55480159315533,True,True
staircase,8.0,min_angle_p05_a,90.0,90.0,0.0,0.0,False,True
staircase,8.0,planarity_p95_a,0.0,0.0,0.0,0.0,True,True
staircase,8.0,mean_edge_a,4.838,7.817,2.979,61.57503100454734,False,True
staircase,8.0,edge_cv_a,0.484,0.139,-0.345,-71.28099173553719,True,True
t_shape,2.0,n_verts_a,12400.0,12272.0,-128.0,-1.032258064516129,True,True
t_shape,2.0,n_quads_a,12139.0,12017.0,-122.0,-1.0050251256281406,True,True
t_shape,2.0,free_a,512.0,508.0,-4.0,-0.78125,True,True
t_shape,2.0,tj_a,0.0,0.0,0.0,0.0,True,True
t_shape,2.0,nm_a,0.0,0.0,0.0,0.0,True,True
t_shape,2.0,dup_a,4.0,0.0,-4.0,-100.0,True,True
t_shape,2.0,orphan_a,4.0,0.0,-4.0,-100.0,True,True
t_shape,2.0,comp_a,1.0,1.0,0.0,0.0,False,True
t_shape,2.0,sliv_q_a,0.0,0.0,0.0,0.0,True,True
t_shape,2.0,sliv_t_a,0.0,0.0,0.0,0.0,True,True
t_shape,2.0,nonplanar_q_a,16.0,16.0,0.0,0.0,True,True
t_shape,2.0,inverted_q_a,0.0,0.0,0.0,0.0,True,True
t_shape,2.0,aspect_p95_a,1.008,1.017,0.008999999999999897,0.8928571428571326,True,False
t_shape,2.0,min_angle_p05_a,90.0,90.0,0.0,0.0,False,True
t_shape,2.0,planarity_p95_a,0.0,0.0,0.0,0.0,True,True
t_shape,2.0,mean_edge_a,1.987,1.997,0.010000000000000009,0.5032712632108711,False,True
t_shape,2.0,edge_cv_a,0.012,0.014,0.002,16.666666666666668,True,False
t_shape,4.0,n_verts_a,3264.0,3164.0,-100.0,-3.0637254901960786,True,True
t_shape,4.0,n_quads_a,3131.0,3038.0,-93.0,-2.9702970297029703,True,True
t_shape,4.0,free_a,256.0,250.0,-6.0,-2.34375,True,True
t_shape,4.0,tj_a,0.0,0.0,0.0,0.0,True,True
t_shape,4.0,nm_a,0.0,0.0,0.0,0.0,True,True
t_shape,4.0,dup_a,4.0,0.0,-4.0,-100.0,True,True
t_shape,4.0,orphan_a,4.0,0.0,-4.0,-100.0,True,True
t_shape,4.0,comp_a,1.0,1.0,0.0,0.0,False,True
t_shape,4.0,sliv_q_a,0.0,0.0,0.0,0.0,True,True
t_shape,4.0,sliv_t_a,0.0,0.0,0.0,0.0,True,True
t_shape,4.0,nonplanar_q_a,16.0,16.0,0.0,0.0,True,True
t_shape,4.0,inverted_q_a,0.0,0.0,0.0,0.0,True,True
t_shape,4.0,aspect_p95_a,1.012,1.038,0.026000000000000023,2.5691699604743103,True,False
t_shape,4.0,min_angle_p05_a,90.0,90.0,0.0,0.0,False,True
t_shape,4.0,planarity_p95_a,0.0,0.0,0.0,0.0,True,True
t_shape,4.0,mean_edge_a,3.915,3.976,0.06099999999999994,1.5581098339719015,False,True
t_shape,4.0,edge_cv_a,0.024,0.03,0.005999999999999998,24.999999999999993,True,False
t_shape,8.0,n_verts_a,884.0,863.0,-21.0,-2.3755656108597285,True,True
t_shape,8.0,n_quads_a,816.0,800.0,-16.0,-1.9607843137254901,True,True
t_shape,8.0,free_a,126.0,124.0,-2.0,-1.5873015873015872,True,True
t_shape,8.0,tj_a,0.0,0.0,0.0,0.0,True,True
t_shape,8.0,nm_a,0.0,0.0,0.0,0.0,True,True
t_shape,8.0,dup_a,4.0,0.0,-4.0,-100.0,True,True
t_shape,8.0,orphan_a,4.0,0.0,-4.0,-100.0,True,True
t_shape,8.0,comp_a,1.0,1.0,0.0,0.0,False,True
t_shape,8.0,sliv_q_a,0.0,0.0,0.0,0.0,True,True
t_shape,8.0,sliv_t_a,0.0,0.0,0.0,0.0,True,True
t_shape,8.0,nonplanar_q_a,16.0,16.0,0.0,0.0,True,True
t_shape,8.0,inverted_q_a,0.0,0.0,0.0,0.0,True,True
t_shape,8.0,aspect_p95_a,1.031,1.071,0.040000000000000036,3.879728419010673,True,False
t_shape,8.0,min_angle_p05_a,90.0,90.0,0.0,0.0,False,True
t_shape,8.0,planarity_p95_a,0.0,0.0,0.0,0.0,True,True
t_shape,8.0,mean_edge_a,7.69,7.77,0.07999999999999918,1.0403120936280776,False,True
t_shape,8.0,edge_cv_a,0.048,0.054,0.005999999999999998,12.499999999999996,True,False
t_shape_nonrect,2.0,n_verts_a,15138.0,15047.0,-91.0,-0.6011362135024442,True,True
t_shape_nonrect,2.0,n_quads_a,14878.0,14792.0,-86.0,-0.5780346820809249,True,True
t_shape_nonrect,2.0,free_a,510.0,508.0,-2.0,-0.39215686274509803,True,True
t_shape_nonrect,2.0,tj_a,0.0,0.0,0.0,0.0,True,True
t_shape_nonrect,2.0,nm_a,0.0,0.0,0.0,0.0,True,True
t_shape_nonrect,2.0,dup_a,4.0,0.0,-4.0,-100.0,True,True
t_shape_nonrect,2.0,orphan_a,4.0,0.0,-4.0,-100.0,True,True
t_shape_nonrect,2.0,comp_a,1.0,1.0,0.0,0.0,False,True
t_shape_nonrect,2.0,sliv_q_a,0.0,0.0,0.0,0.0,True,True
t_shape_nonrect,2.0,sliv_t_a,0.0,0.0,0.0,0.0,True,True
t_shape_nonrect,2.0,nonplanar_q_a,16.0,16.0,0.0,0.0,True,True
t_shape_nonrect,2.0,inverted_q_a,0.0,0.0,0.0,0.0,True,True
t_shape_nonrect,2.0,aspect_p95_a,1.007,1.007,0.0,0.0,True,True
t_shape_nonrect,2.0,min_angle_p05_a,90.0,90.0,0.0,0.0,False,True
t_shape_nonrect,2.0,planarity_p95_a,0.0,0.0,0.0,0.0,True,True
t_shape_nonrect,2.0,mean_edge_a,1.997,2.003,0.006000000000000005,0.30045067601402126,False,True
t_shape_nonrect,2.0,edge_cv_a,0.011,0.011,0.0,0.0,True,True
t_shape_nonrect,4.0,n_verts_a,3916.0,3780.0,-136.0,-3.4729315628192032,True,True
t_shape_nonrect,4.0,n_quads_a,3784.0,3655.0,-129.0,-3.409090909090909,True,True
t_shape_nonrect,4.0,free_a,254.0,248.0,-6.0,-2.3622047244094486,True,True
t_shape_nonrect,4.0,tj_a,0.0,0.0,0.0,0.0,True,True
t_shape_nonrect,4.0,nm_a,0.0,0.0,0.0,0.0,True,True
t_shape_nonrect,4.0,dup_a,4.0,0.0,-4.0,-100.0,True,True
t_shape_nonrect,4.0,orphan_a,4.0,0.0,-4.0,-100.0,True,True
t_shape_nonrect,4.0,comp_a,1.0,1.0,0.0,0.0,False,True
t_shape_nonrect,4.0,sliv_q_a,0.0,0.0,0.0,0.0,True,True
t_shape_nonrect,4.0,sliv_t_a,0.0,0.0,0.0,0.0,True,True
t_shape_nonrect,4.0,nonplanar_q_a,16.0,16.0,0.0,0.0,True,True
t_shape_nonrect,4.0,inverted_q_a,0.0,0.0,0.0,0.0,True,True
t_shape_nonrect,4.0,aspect_p95_a,1.02,1.021,0.0009999999999998899,0.09803921568626371,True,False
t_shape_nonrect,4.0,min_angle_p05_a,90.0,90.0,0.0,0.0,False,True
t_shape_nonrect,4.0,planarity_p95_a,0.0,0.0,0.0,0.0,True,True
t_shape_nonrect,4.0,mean_edge_a,3.963,4.032,0.06899999999999995,1.7411052233156687,False,True
t_shape_nonrect,4.0,edge_cv_a,0.023,0.023,0.0,0.0,True,True
t_shape_nonrect,8.0,n_verts_a,1058.0,1008.0,-50.0,-4.725897920604915,True,True
t_shape_nonrect,8.0,n_quads_a,990.0,946.0,-44.0,-4.444444444444445,True,True
t_shape_nonrect,8.0,free_a,126.0,122.0,-4.0,-3.1746031746031744,True,True
t_shape_nonrect,8.0,tj_a,0.0,0.0,0.0,0.0,True,True
t_shape_nonrect,8.0,nm_a,0.0,0.0,0.0,0.0,True,True
t_shape_nonrect,8.0,dup_a,4.0,0.0,-4.0,-100.0,True,True
t_shape_nonrect,8.0,orphan_a,4.0,0.0,-4.0,-100.0,True,True
t_shape_nonrect,8.0,comp_a,1.0,1.0,0.0,0.0,False,True
t_shape_nonrect,8.0,sliv_q_a,0.0,0.0,0.0,0.0,True,True
t_shape_nonrect,8.0,sliv_t_a,0.0,0.0,0.0,0.0,True,True
t_shape_nonrect,8.0,nonplanar_q_a,16.0,16.0,0.0,0.0,True,True
t_shape_nonrect,8.0,inverted_q_a,0.0,0.0,0.0,0.0,True,True
t_shape_nonrect,8.0,aspect_p95_a,1.037,1.045,0.008000000000000007,0.7714561234329805,True,False
t_shape_nonrect,8.0,min_angle_p05_a,90.0,90.0,0.0,0.0,False,True
t_shape_nonrect,8.0,planarity_p95_a,0.0,0.0,0.0,0.0,True,True
t_shape_nonrect,8.0,mean_edge_a,7.761,7.943,0.1819999999999995,2.345058626465655,False,True
t_shape_nonrect,8.0,edge_cv_a,0.044,0.047,0.0030000000000000027,6.818181818181825,True,False
u_shape,2.0,n_verts_a,11304.0,11300.0,-4.0,-0.035385704175513094,True,True
u_shape,2.0,n_quads_a,11076.0,11076.0,0.0,0.0,True,True
u_shape,2.0,free_a,446.0,446.0,0.0,0.0,True,True
u_shape,2.0,tj_a,0.0,0.0,0.0,0.0,True,True
u_shape,2.0,nm_a,0.0,0.0,0.0,0.0,True,True
u_shape,2.0,dup_a,4.0,0.0,-4.0,-100.0,True,True
u_shape,2.0,orphan_a,4.0,0.0,-4.0,-100.0,True,True
u_shape,2.0,comp_a,1.0,1.0,0.0,0.0,False,True
u_shape,2.0,sliv_q_a,0.0,0.0,0.0,0.0,True,True
u_shape,2.0,sliv_t_a,0.0,0.0,0.0,0.0,True,True
u_shape,2.0,nonplanar_q_a,16.0,16.0,0.0,0.0,True,True
u_shape,2.0,inverted_q_a,0.0,0.0,0.0,0.0,True,True
u_shape,2.0,aspect_p95_a,1.007,1.007,0.0,0.0,True,True
u_shape,2.0,min_angle_p05_a,90.0,90.0,0.0,0.0,False,True
u_shape,2.0,planarity_p95_a,0.0,0.0,0.0,0.0,True,True
u_shape,2.0,mean_edge_a,1.99,1.99,0.0,0.0,False,True
u_shape,2.0,edge_cv_a,0.013,0.013,0.0,0.0,True,True
u_shape,4.0,n_verts_a,2923.0,2919.0,-4.0,-0.13684570646595964,True,True
u_shape,4.0,n_quads_a,2808.0,2808.0,0.0,0.0,True,True
u_shape,4.0,free_a,220.0,220.0,0.0,0.0,True,True
u_shape,4.0,tj_a,0.0,0.0,0.0,0.0,True,True
u_shape,4.0,nm_a,0.0,0.0,0.0,0.0,True,True
u_shape,4.0,dup_a,4.0,0.0,-4.0,-100.0,True,True
u_shape,4.0,orphan_a,4.0,0.0,-4.0,-100.0,True,True
u_shape,4.0,comp_a,1.0,1.0,0.0,0.0,False,True
u_shape,4.0,sliv_q_a,0.0,0.0,0.0,0.0,True,True
u_shape,4.0,sliv_t_a,0.0,0.0,0.0,0.0,True,True
u_shape,4.0,nonplanar_q_a,16.0,16.0,0.0,0.0,True,True
u_shape,4.0,inverted_q_a,0.0,0.0,0.0,0.0,True,True
u_shape,4.0,aspect_p95_a,1.021,1.021,0.0,0.0,True,True
u_shape,4.0,min_angle_p05_a,90.0,90.0,0.0,0.0,False,True
u_shape,4.0,planarity_p95_a,0.0,0.0,0.0,0.0,True,True
u_shape,4.0,mean_edge_a,3.956,3.956,0.0,0.0,False,True
u_shape,4.0,edge_cv_a,0.027,0.027,0.0,0.0,True,True
u_shape,8.0,n_verts_a,760.0,756.0,-4.0,-0.5263157894736842,True,True
u_shape,8.0,n_quads_a,702.0,702.0,0.0,0.0,True,True
u_shape,8.0,free_a,106.0,106.0,0.0,0.0,True,True
u_shape,8.0,tj_a,0.0,0.0,0.0,0.0,True,True
u_shape,8.0,nm_a,0.0,0.0,0.0,0.0,True,True
u_shape,8.0,dup_a,4.0,0.0,-4.0,-100.0,True,True
u_shape,8.0,orphan_a,4.0,0.0,-4.0,-100.0,True,True
u_shape,8.0,comp_a,1.0,1.0,0.0,0.0,False,True
u_shape,8.0,sliv_q_a,0.0,0.0,0.0,0.0,True,True
u_shape,8.0,sliv_t_a,0.0,0.0,0.0,0.0,True,True
u_shape,8.0,nonplanar_q_a,16.0,16.0,0.0,0.0,True,True
u_shape,8.0,inverted_q_a,0.0,0.0,0.0,0.0,True,True
u_shape,8.0,aspect_p95_a,1.021,1.021,0.0,0.0,True,True
u_shape,8.0,min_angle_p05_a,90.0,90.0,0.0,0.0,False,True
u_shape,8.0,planarity_p95_a,0.0,0.0,0.0,0.0,True,True
u_shape,8.0,mean_edge_a,7.934,7.934,0.0,0.0,False,True
u_shape,8.0,edge_cv_a,0.05,0.05,0.0,0.0,True,True
wide_t,2.0,n_verts_a,11436.0,8734.0,-2702.0,-23.627142357467648,True,True
wide_t,2.0,n_quads_a,11159.0,8514.0,-2645.0,-23.702840756340173,True,True
wide_t,2.0,free_a,652.0,438.0,-214.0,-32.82208588957055,True,True
wide_t,2.0,tj_a,34.0,0.0,-34.0,-100.0,True,True
wide_t,2.0,nm_a,0.0,0.0,0.0,0.0,True,True
wide_t,2.0,dup_a,2.0,0.0,-2.0,-100.0,True,True
wide_t,2.0,orphan_a,2.0,0.0,-2.0,-100.0,True,True
wide_t,2.0,comp_a,1.0,1.0,0.0,0.0,False,True
wide_t,2.0,sliv_q_a,2592.0,0.0,-2592.0,-100.0,True,True
wide_t,2.0,sliv_t_a,0.0,0.0,0.0,0.0,True,True
wide_t,2.0,nonplanar_q_a,4.0,4.0,0.0,0.0,True,True
wide_t,2.0,inverted_q_a,0.0,0.0,0.0,0.0,True,True
wide_t,2.0,aspect_p95_a,32.2,1.016,-31.184000000000005,-96.84472049689442,True,True
wide_t,2.0,min_angle_p05_a,90.0,90.0,0.0,0.0,False,True
wide_t,2.0,planarity_p95_a,0.0,0.0,0.0,0.0,True,True
wide_t,2.0,mean_edge_a,1.755,1.993,0.2380000000000002,13.561253561253574,False,True
wide_t,2.0,edge_cv_a,0.334,0.013,-0.321,-96.10778443113772,True,True
wide_t,4.0,n_verts_a,2991.0,2286.0,-705.0,-23.570712136409227,True,True
wide_t,4.0,n_quads_a,2850.0,2175.0,-675.0,-23.68421052631579,True,True
wide_t,4.0,free_a,330.0,220.0,-110.0,-33.333333333333336,True,True
wide_t,4.0,tj_a,25.0,0.0,-25.0,-100.0,True,True
wide_t,4.0,nm_a,0.0,0.0,0.0,0.0,True,True
wide_t,4.0,dup_a,2.0,0.0,-2.0,-100.0,True,True
wide_t,4.0,orphan_a,2.0,0.0,-2.0,-100.0,True,True
wide_t,4.0,comp_a,1.0,1.0,0.0,0.0,False,True
wide_t,4.0,sliv_q_a,0.0,0.0,0.0,0.0,True,True
wide_t,4.0,sliv_t_a,0.0,0.0,0.0,0.0,True,True
wide_t,4.0,nonplanar_q_a,4.0,4.0,0.0,0.0,True,True
wide_t,4.0,inverted_q_a,0.0,0.0,0.0,0.0,True,True
wide_t,4.0,aspect_p95_a,3.256,1.035,-2.221,-68.21253071253072,True,True
wide_t,4.0,min_angle_p05_a,90.0,90.0,0.0,0.0,False,True
wide_t,4.0,planarity_p95_a,0.0,0.0,0.0,0.0,True,True
wide_t,4.0,mean_edge_a,3.475,3.945,0.46999999999999975,13.5251798561151,False,True
wide_t,4.0,edge_cv_a,0.253,0.026,-0.227,-89.72332015810277,True,True
wide_t,8.0,n_verts_a,802.0,618.0,-184.0,-22.942643391521198,True,True
wide_t,8.0,n_quads_a,730.0,562.0,-168.0,-23.013698630136986,True,True
wide_t,8.0,free_a,166.0,110.0,-56.0,-33.734939759036145,True,True
wide_t,8.0,tj_a,12.0,0.0,-12.0,-100.0,True,True
wide_t,8.0,nm_a,0.0,0.0,0.0,0.0,True,True
wide_t,8.0,dup_a,2.0,0.0,-2.0,-100.0,True,True
wide_t,8.0,orphan_a,2.0,0.0,-2.0,-100.0,True,True
wide_t,8.0,comp_a,1.0,1.0,0.0,0.0,False,True
wide_t,8.0,sliv_q_a,48.0,0.0,-48.0,-100.0,True,True
wide_t,8.0,sliv_t_a,0.0,0.0,0.0,0.0,True,True
wide_t,8.0,nonplanar_q_a,4.0,4.0,0.0,0.0,True,True
wide_t,8.0,inverted_q_a,0.0,0.0,0.0,0.0,True,True
wide_t,8.0,aspect_p95_a,5.306,1.061,-4.245,-80.00376931775348,True,True
wide_t,8.0,min_angle_p05_a,90.0,90.0,0.0,0.0,False,True
wide_t,8.0,planarity_p95_a,0.0,0.0,0.0,0.0,True,True
wide_t,8.0,mean_edge_a,6.872,7.776,0.9039999999999999,13.154831199068683,False,True
wide_t,8.0,edge_cv_a,0.279,0.049,-0.23000000000000004,-82.43727598566309,True,True
zigzag_4,2.0,n_verts_a,10846.0,10840.0,-6.0,-0.05531993361607966,True,True
zigzag_4,2.0,n_quads_a,10602.0,10602.0,0.0,0.0,True,True
zigzag_4,2.0,free_a,474.0,474.0,0.0,0.0,True,True
zigzag_4,2.0,tj_a,0.0,0.0,0.0,0.0,True,True
zigzag_4,2.0,nm_a,0.0,0.0,0.0,0.0,True,True
zigzag_4,2.0,dup_a,6.0,0.0,-6.0,-100.0,True,True
zigzag_4,2.0,orphan_a,6.0,0.0,-6.0,-100.0,True,True
zigzag_4,2.0,comp_a,1.0,1.0,0.0,0.0,False,True
zigzag_4,2.0,sliv_q_a,0.0,0.0,0.0,0.0,True,True
zigzag_4,2.0,sliv_t_a,0.0,0.0,0.0,0.0,True,True
zigzag_4,2.0,nonplanar_q_a,24.0,24.0,0.0,0.0,True,True
zigzag_4,2.0,inverted_q_a,0.0,0.0,0.0,0.0,True,True
zigzag_4,2.0,aspect_p95_a,1.0,1.0,0.0,0.0,True,True
zigzag_4,2.0,min_angle_p05_a,90.0,90.0,0.0,0.0,False,True
zigzag_4,2.0,planarity_p95_a,0.0,0.0,0.0,0.0,True,True
zigzag_4,2.0,mean_edge_a,2.001,2.001,0.0,0.0,False,True
zigzag_4,2.0,edge_cv_a,0.016,0.016,0.0,0.0,True,True
zigzag_4,4.0,n_verts_a,2850.0,2844.0,-6.0,-0.21052631578947367,True,True
zigzag_4,4.0,n_quads_a,2726.0,2726.0,0.0,0.0,True,True
zigzag_4,4.0,free_a,234.0,234.0,0.0,0.0,True,True
zigzag_4,4.0,tj_a,0.0,0.0,0.0,0.0,True,True
zigzag_4,4.0,nm_a,0.0,0.0,0.0,0.0,True,True
zigzag_4,4.0,dup_a,6.0,0.0,-6.0,-100.0,True,True
zigzag_4,4.0,orphan_a,6.0,0.0,-6.0,-100.0,True,True
zigzag_4,4.0,comp_a,1.0,1.0,0.0,0.0,False,True
zigzag_4,4.0,sliv_q_a,0.0,0.0,0.0,0.0,True,True
zigzag_4,4.0,sliv_t_a,0.0,0.0,0.0,0.0,True,True
zigzag_4,4.0,nonplanar_q_a,24.0,24.0,0.0,0.0,True,True
zigzag_4,4.0,inverted_q_a,0.0,0.0,0.0,0.0,True,True
zigzag_4,4.0,aspect_p95_a,1.018,1.018,0.0,0.0,True,True
zigzag_4,4.0,min_angle_p05_a,90.0,90.0,0.0,0.0,False,True
zigzag_4,4.0,planarity_p95_a,0.0,0.0,0.0,0.0,True,True
zigzag_4,4.0,mean_edge_a,3.95,3.95,0.0,0.0,False,True
zigzag_4,4.0,edge_cv_a,0.031,0.031,0.0,0.0,True,True
zigzag_4,8.0,n_verts_a,784.0,778.0,-6.0,-0.7653061224489796,True,True
zigzag_4,8.0,n_quads_a,720.0,720.0,0.0,0.0,True,True
zigzag_4,8.0,free_a,114.0,114.0,0.0,0.0,True,True
zigzag_4,8.0,tj_a,0.0,0.0,0.0,0.0,True,True
zigzag_4,8.0,nm_a,0.0,0.0,0.0,0.0,True,True
zigzag_4,8.0,dup_a,6.0,0.0,-6.0,-100.0,True,True
zigzag_4,8.0,orphan_a,6.0,0.0,-6.0,-100.0,True,True
zigzag_4,8.0,comp_a,1.0,1.0,0.0,0.0,False,True
zigzag_4,8.0,sliv_q_a,0.0,0.0,0.0,0.0,True,True
zigzag_4,8.0,sliv_t_a,0.0,0.0,0.0,0.0,True,True
zigzag_4,8.0,nonplanar_q_a,24.0,24.0,0.0,0.0,True,True
zigzag_4,8.0,inverted_q_a,0.0,0.0,0.0,0.0,True,True
zigzag_4,8.0,aspect_p95_a,1.031,1.031,0.0,0.0,True,True
zigzag_4,8.0,min_angle_p05_a,90.0,90.0,0.0,0.0,False,True
zigzag_4,8.0,planarity_p95_a,0.0,0.0,0.0,0.0,True,True
zigzag_4,8.0,mean_edge_a,7.718,7.718,0.0,0.0,False,True
zigzag_4,8.0,edge_cv_a,0.061,0.061,0.0,0.0,True,True
zigzag_6,2.0,n_verts_a,13769.0,13561.0,-208.0,-1.5106398431258625,True,True
zigzag_6,2.0,n_quads_a,13440.0,13248.0,-192.0,-1.4285714285714286,True,True
zigzag_6,2.0,free_a,636.0,628.0,-8.0,-1.2578616352201257,True,True
zigzag_6,2.0,tj_a,0.0,0.0,0.0,0.0,True,True
zigzag_6,2.0,nm_a,0.0,0.0,0.0,0.0,True,True
zigzag_6,2.0,dup_a,12.0,0.0,-12.0,-100.0,True,True
zigzag_6,2.0,orphan_a,12.0,0.0,-12.0,-100.0,True,True
zigzag_6,2.0,comp_a,1.0,1.0,0.0,0.0,False,True
zigzag_6,2.0,sliv_q_a,0.0,0.0,0.0,0.0,True,True
zigzag_6,2.0,sliv_t_a,0.0,0.0,0.0,0.0,True,True
zigzag_6,2.0,nonplanar_q_a,40.0,40.0,0.0,0.0,True,True
zigzag_6,2.0,inverted_q_a,0.0,0.0,0.0,0.0,True,True
zigzag_6,2.0,aspect_p95_a,1.011,1.011,0.0,0.0,True,True
zigzag_6,2.0,min_angle_p05_a,90.0,90.0,0.0,0.0,False,True
zigzag_6,2.0,planarity_p95_a,0.0,0.0,0.0,0.0,True,True
zigzag_6,2.0,mean_edge_a,1.99,2.005,0.014999999999999902,0.7537688442211006,False,True
zigzag_6,2.0,edge_cv_a,0.019,0.022,0.002999999999999999,15.789473684210524,True,False
zigzag_6,4.0,n_verts_a,3575.0,3463.0,-112.0,-3.132867132867133,True,True
zigzag_6,4.0,n_quads_a,3408.0,3312.0,-96.0,-2.816901408450704,True,True
zigzag_6,4.0,free_a,312.0,304.0,-8.0,-2.5641025641025643,True,True
zigzag_6,4.0,tj_a,0.0,0.0,0.0,0.0,True,True
zigzag_6,4.0,nm_a,0.0,0.0,0.0,0.0,True,True
zigzag_6,4.0,dup_a,12.0,0.0,-12.0,-100.0,True,True
zigzag_6,4.0,orphan_a,12.0,0.0,-12.0,-100.0,True,True
zigzag_6,4.0,comp_a,1.0,1.0,0.0,0.0,False,True
zigzag_6,4.0,sliv_q_a,0.0,0.0,0.0,0.0,True,True
zigzag_6,4.0,sliv_t_a,0.0,0.0,0.0,0.0,True,True
zigzag_6,4.0,nonplanar_q_a,40.0,40.0,0.0,0.0,True,True
zigzag_6,4.0,inverted_q_a,0.0,0.0,0.0,0.0,True,True
zigzag_6,4.0,aspect_p95_a,1.032,1.011,-0.02100000000000013,-2.034883720930245,True,True
zigzag_6,4.0,min_angle_p05_a,90.0,90.0,0.0,0.0,False,True
zigzag_6,4.0,planarity_p95_a,0.0,0.0,0.0,0.0,True,True
zigzag_6,4.0,mean_edge_a,3.958,4.016,0.05799999999999983,1.4653865588681108,False,True
zigzag_6,4.0,edge_cv_a,0.037,0.038,0.0010000000000000009,2.7027027027027053,True,False
zigzag_6,8.0,n_verts_a,949.0,911.0,-38.0,-4.004214963119073,True,True
zigzag_6,8.0,n_quads_a,864.0,840.0,-24.0,-2.7777777777777777,True,True
zigzag_6,8.0,free_a,148.0,144.0,-4.0,-2.7027027027027026,True,True
zigzag_6,8.0,tj_a,0.0,0.0,0.0,0.0,True,True
zigzag_6,8.0,nm_a,0.0,0.0,0.0,0.0,True,True
zigzag_6,8.0,dup_a,12.0,0.0,-12.0,-100.0,True,True
zigzag_6,8.0,orphan_a,12.0,0.0,-12.0,-100.0,True,True
zigzag_6,8.0,comp_a,1.0,1.0,0.0,0.0,False,True
zigzag_6,8.0,sliv_q_a,0.0,0.0,0.0,0.0,True,True
zigzag_6,8.0,sliv_t_a,0.0,0.0,0.0,0.0,True,True
zigzag_6,8.0,nonplanar_q_a,40.0,40.0,0.0,0.0,True,True
zigzag_6,8.0,inverted_q_a,0.0,0.0,0.0,0.0,True,True
zigzag_6,8.0,aspect_p95_a,1.055,1.047,-0.008000000000000007,-0.75829383886256,True,True
zigzag_6,8.0,min_angle_p05_a,90.0,89.3,-0.7000000000000028,-0.7777777777777809,False,False
zigzag_6,8.0,planarity_p95_a,0.0,0.0,0.0,0.0,True,True
zigzag_6,8.0,mean_edge_a,7.901,8.018,0.11700000000000088,1.4808252119984924,False,True
zigzag_6,8.0,edge_cv_a,0.069,0.072,0.002999999999999989,4.3478260869565055,True,False
